{"FPR": [0.0, 0.0, 0.0, 0.0, 0.0, 0.0, 0.0, 0.0125, 0.0125, 0.0125, 0.025, 0.025, 0.025, 0.025, 0.0375, 0.075, 0.075, 0.1125, 0.1375, 0.15, 0.175, 0.1875, 0.2375, 0.275, 0.3, 0.3, 0.35, 0.4375, 0.4625, 0.5, 0.575, 0.7375, 0.8, 0.8125, 0.8625, 0.875, 0.9375, 0.9625, 0.9875, 1.0], "TPR": [0.0, 0.015873015873015872, 0.047619047619047616, 0.09523809523809523, 0.1111111111111111, 0.14285714285714285, 0.2222222222222222, 0.2857142857142857, 0.31746031746031744, 0.36507936507936506, 0.38095238095238093, 0.42857142857142855, 0.49206349206349204, 0.5079365079365079, 0.5238095238095238, 0.5238095238095238, 0.6031746031746031, 0.6031746031746031, 0.6349206349206349, 0.6507936507936508, 0.6507936507936508, 0.6984126984126984, 0.6984126984126984, 0.746031746031746, 0.746031746031746, 0.7619047619047619, 0.7936507936507936, 0.7936507936507936, 0.7936507936507936, 0.8095238095238095, 0.873015873015873, 0.9047619047619048, 0.9523809523809523, 0.9682539682539683, 0.9682539682539683, 0.9682539682539683, 0.9841269841269841, 0.9841269841269841, 1.0, 1.0], "y_test": [1, 1, 0, 1, 0, 1, 1, 1, 0, 1, 0, 0, 0, 0, 0, 0, 1, 1, 1, 1, 0, 1, 1, 0, 0, 0, 0, 1, 0, 1, 1, 0, 0, 0, 0, 0, 0, 0, 1, 1, 1, 1, 0, 0, 0, 1, 0, 0, 0, 0, 0, 1, 0, 0, 0, 1, 1, 1, 0, 0, 1, 0, 0, 1, 0, 0, 0, 0, 1, 0, 1, 1, 0, 0, 0, 0, 0, 0, 1, 1, 1, 1, 1, 1, 0, 0, 1, 1, 0, 1, 0, 0, 0, 0, 0, 1, 1, 0, 1, 0, 1, 0, 1, 0, 0, 0, 1, 0, 0, 0, 1, 1, 0, 1, 1, 0, 0, 0, 1, 0, 1, 1, 1, 1, 0, 1, 1, 1, 0, 1, 1, 0, 0, 0, 0, 0, 0, 1, 0, 1, 0, 1, 1], "predictions": [1, 1, 0, 1, 0, 0, 1, 1, 0, 1, 0, 0, 0, 0, 1, 0, 1, 0, 1, 1, 0, 1, 1, 0, 0, 1, 0, 1, 0, 0, 1, 0, 0, 0, 0, 0, 0, 1, 1, 0, 0, 0, 0, 0, 0, 0, 0, 1, 0, 0, 0, 0, 1, 0, 0, 1, 0, 1, 0, 0, 1, 0, 0, 1, 0, 0, 0, 0, 1, 0, 1, 0, 0, 0, 0, 0, 0, 1, 0, 1, 0, 1, 1, 0, 0, 0, 0, 1, 0, 1, 0, 0, 0, 1, 0, 1, 1, 0, 1, 1, 1, 0, 1, 0, 1, 0, 0, 0, 0, 0, 0, 1, 0, 0, 0, 0, 0, 0, 1, 1, 0, 1, 1, 1, 1, 1, 0, 1, 0, 1, 1, 0, 0, 0, 0, 0, 0, 0, 1, 1, 0, 1, 0]}