{"FPR": [0.0, 0.0, 0.0, 0.0, 0.0, 0.0125, 0.025, 0.025, 0.025, 0.025, 0.025, 0.025, 0.025, 0.025, 0.0375, 0.0375, 0.075, 0.0875, 0.125, 0.15, 0.1625, 0.175, 0.175, 0.2125, 0.2625, 0.2875, 0.2875, 0.3375, 0.425, 0.45, 0.4875, 0.5625, 0.575, 0.6375, 0.8, 0.8125, 0.8625, 0.875, 0.9375, 0.975, 1.0], "TPR": [0.0, 0.047619047619047616, 0.06349206349206349, 0.14285714285714285, 0.1746031746031746, 0.19047619047619047, 0.25396825396825395, 0.30158730158730157, 0.3333333333333333, 0.38095238095238093, 0.4126984126984127, 0.42857142857142855, 0.4603174603174603, 0.47619047619047616, 0.49206349206349204, 0.5714285714285714, 0.5714285714285714, 0.5873015873015873, 0.5873015873015873, 0.6190476190476191, 0.6825396825396826, 0.6825396825396826, 0.6984126984126984, 0.746031746031746, 0.746031746031746, 0.746031746031746, 0.7619047619047619, 0.7936507936507936, 0.7936507936507936, 0.7936507936507936, 0.8095238095238095, 0.873015873015873, 0.8888888888888888, 0.9365079365079365, 0.9682539682539683, 0.9682539682539683, 0.9682539682539683, 0.9682539682539683, 0.9841269841269841, 1.0, 1.0], "y_test": [1, 1, 0, 1, 0, 1, 1, 1, 0, 1, 0, 0, 0, 0, 0, 0, 1, 1, 1, 1, 0, 1, 1, 0, 0, 0, 0, 1, 0, 1, 1, 0, 0, 0, 0, 0, 0, 0, 1, 1, 1, 1, 0, 0, 0, 1, 0, 0, 0, 0, 0, 1, 0, 0, 0, 1, 1, 1, 0, 0, 1, 0, 0, 1, 0, 0, 0, 0, 1, 0, 1, 1, 0, 0, 0, 0, 0, 0, 1, 1, 1, 1, 1, 1, 0, 0, 1, 1, 0, 1, 0, 0, 0, 0, 0, 1, 1, 0, 1, 0, 1, 0, 1, 0, 0, 0, 1, 0, 0, 0, 1, 1, 0, 1, 1, 0, 0, 0, 1, 0, 1, 1, 1, 1, 0, 1, 1, 1, 0, 1, 1, 0, 0, 0, 0, 0, 0, 1, 0, 1, 0, 1, 1], "predictions": [1, 1, 0, 1, 0, 0, 1, 1, 0, 1, 0, 0, 0, 0, 1, 0, 1, 0, 1, 1, 0, 1, 1, 0, 0, 1, 0, 1, 0, 0, 1, 0, 0, 0, 0, 0, 0, 1, 1, 0, 0, 0, 0, 0, 0, 0, 0, 1, 0, 0, 0, 0, 1, 0, 0, 1, 0, 0, 0, 0, 0, 0, 0, 1, 0, 0, 0, 0, 1, 0, 1, 0, 0, 0, 0, 0, 0, 1, 0, 1, 0, 1, 1, 0, 0, 0, 0, 1, 0, 1, 0, 0, 0, 1, 0, 1, 1, 0, 1, 1, 1, 0, 1, 0, 1, 0, 0, 0, 0, 0, 0, 1, 0, 0, 0, 0, 0, 0, 1, 1, 0, 1, 1, 1, 1, 1, 0, 1, 0, 1, 1, 0, 0, 0, 0, 0, 0, 0, 1, 1, 0, 1, 0]}