{"FPR": [0.0, 0.0, 0.0, 0.0125, 0.0125, 0.0125, 0.025, 0.025, 0.025, 0.025, 0.025, 0.0375, 0.075, 0.1, 0.1, 0.1125, 0.15, 0.1625, 0.1625, 0.2, 0.2, 0.225, 0.275, 0.2875, 0.3, 0.35, 0.3875, 0.475, 0.4875, 0.5, 0.55, 0.575, 0.6375, 0.8, 0.875, 0.9375, 0.95, 0.9875, 1.0], "TPR": [0.0, 0.015873015873015872, 0.06349206349206349, 0.12698412698412698, 0.19047619047619047, 0.23809523809523808, 0.25396825396825395, 0.3333333333333333, 0.3492063492063492, 0.4126984126984127, 0.47619047619047616, 0.49206349206349204, 0.49206349206349204, 0.5238095238095238, 0.6031746031746031, 0.6190476190476191, 0.6190476190476191, 0.6190476190476191, 0.6349206349206349, 0.6507936507936508, 0.6666666666666666, 0.6666666666666666, 0.6984126984126984, 0.6984126984126984, 0.7619047619047619, 0.7619047619047619, 0.8095238095238095, 0.8095238095238095, 0.8095238095238095, 0.8253968253968254, 0.8253968253968254, 0.8253968253968254, 0.873015873015873, 0.9047619047619048, 0.9682539682539683, 0.9841269841269841, 0.9841269841269841, 1.0, 1.0], "y_test": [1, 1, 0, 1, 0, 1, 1, 1, 0, 1, 0, 0, 0, 0, 0, 0, 1, 1, 1, 1, 0, 1, 1, 0, 0, 0, 0, 1, 0, 1, 1, 0, 0, 0, 0, 0, 0, 0, 1, 1, 1, 1, 0, 0, 0, 1, 0, 0, 0, 0, 0, 1, 0, 0, 0, 1, 1, 1, 0, 0, 1, 0, 0, 1, 0, 0, 0, 0, 1, 0, 1, 1, 0, 0, 0, 0, 0, 0, 1, 1, 1, 1, 1, 1, 0, 0, 1, 1, 0, 1, 0, 0, 0, 0, 0, 1, 1, 0, 1, 0, 1, 0, 1, 0, 0, 0, 1, 0, 0, 0, 1, 1, 0, 1, 1, 0, 0, 0, 1, 0, 1, 1, 1, 1, 0, 1, 1, 1, 0, 1, 1, 0, 0, 0, 0, 0, 0, 1, 0, 1, 0, 1, 1], "predictions": [1, 1, 0, 1, 0, 0, 1, 1, 0, 1, 0, 0, 0, 0, 1, 0, 1, 0, 1, 1, 0, 1, 1, 0, 0, 1, 0, 1, 0, 0, 1, 0, 0, 0, 0, 0, 0, 1, 1, 0, 0, 0, 0, 0, 0, 0, 0, 0, 0, 0, 0, 0, 1, 0, 0, 1, 0, 0, 0, 0, 0, 0, 0, 1, 0, 0, 0, 0, 1, 0, 1, 0, 0, 0, 0, 0, 0, 0, 0, 1, 0, 1, 1, 0, 0, 0, 0, 1, 0, 1, 0, 0, 0, 1, 0, 1, 1, 0, 1, 1, 1, 0, 1, 0, 0, 0, 0, 0, 0, 0, 0, 1, 0, 0, 0, 0, 0, 0, 1, 1, 0, 1, 1, 1, 1, 1, 0, 1, 0, 1, 1, 0, 0, 0, 0, 0, 0, 0, 1, 1, 0, 1, 0]}